Nom de fichier attendu,Nom du materiau,Categorie,Series concernees
achondrite-rarissime.png,Achondrite rarissime,autre,Armes des Manderville
actions-logos-debloquees.png,Actions logos débloquées,autre,Armes Eurêka
agregat-de-foudre-daffinage.png,Agrégat de foudre d'affinage,drop,Outils des Merveilles — Récolte
agregat-de-vent-daffinage.png,Agrégat de vent d'affinage,drop,Outils des Merveilles — Récolte
agregat-obscur.png,Agrégat obscur,drop,Armes Anima
agregat-resonnant.png,Agrégat résonnant,drop,Armes Anima
aiguille-cristaline.png,Aiguille cristaline,craft,Outils des Merveilles — Artisanat
aiguille-cristaline-de-chora-zoi.png,Aiguille cristaline de Chora-Zoi,craft,Outils des Merveilles — Artisanat
aiguille-des-merveilles.png,Aiguille des merveilles,autre,Outils des Merveilles — Artisanat
aiguille-des-merveilles-amelioree.png,Aiguille des merveilles améliorée,autre,Outils des Merveilles — Artisanat
aiguille-norvrandtesque.png,Aiguille norvrandtesque,autre,Outils des Merveilles — Artisanat
aiguille-splendide.png,Aiguille splendide,autre,Outils des Merveilles — Artisanat
aiguille-superstellaire.png,Aiguille superstellaire,autre,Outils des Merveilles — Artisanat
alambic-cristalin.png,Alambic cristalin,craft,Outils des Merveilles — Artisanat
alambic-cristalin-de-chora-zoi.png,Alambic cristalin de Chora-Zoi,craft,Outils des Merveilles — Artisanat
alambic-des-merveilles.png,Alambic des merveilles,autre,Outils des Merveilles — Artisanat
alambic-des-merveilles-ameliore.png,Alambic des merveilles amélioré,autre,Outils des Merveilles — Artisanat
alambic-norvrandtesque.png,Alambic norvrandtesque,autre,Outils des Merveilles — Artisanat
alambic-splendide.png,Alambic splendide,autre,Outils des Merveilles — Artisanat
alambic-superstellaire.png,Alambic superstellaire,autre,Outils des Merveilles — Artisanat
alexandrite.png,Alexandrite,autre,Armes Zodiaque
alunite.png,Alunite,quete,Armes Fantômes
amas-memoriel-de-grievete.png,Amas mémoriel de grièveté,autre,Armes de la Résistance
amas-memoriel-de-menace.png,Amas mémoriel de menace,autre,Armes de la Résistance
amas-memoriel-de-peine.png,Amas mémoriel de peine,autre,Armes de la Résistance
amas-memoriel-de-repugnance.png,Amas mémoriel de répugnance,autre,Armes de la Résistance
amas-memoriel-de-rudesse.png,Amas mémoriel de rudesse,autre,Armes de la Résistance
amas-memoriel-de-sauvagerie.png,Amas mémoriel de sauvagerie,autre,Armes de la Résistance
amas-memoriel-de-terreur.png,Amas mémoriel de terreur,autre,Armes de la Résistance
amas-memoriel-de-tourment.png,Amas mémoriel de tourment,autre,Armes de la Résistance
amas-memoriel-dexecration.png,Amas mémoriel d'exécration,autre,Armes de la Résistance
ambre-daffinage.png,Ambre d'affinage,autre,Outils de Cielacier — Récolte
anneaux-en-mithril-daffinage-collectionnable.png,Anneaux en mithril d'affinage (collectionnable),craft,Outils de Cielacier — Artisanat
apkallu-buveur-de-dilettante.png,Apkallu buveur de dilettante,drop,Outils des Merveilles — Artisanat
aquarium-de-dilettante.png,Aquarium de dilettante,drop,Outils des Merveilles — Artisanat
argile-ombrale.png,Argile ombrale,autre,Armes Fantômes
arme-hq-de-classe-curtana-sphairai.png,Arme HQ de classe (Curtana/Sphairai/...),autre,Armes Zodiaque
astroscope-de-dilettante.png,Astroscope de dilettante,drop,Outils des Merveilles — Artisanat
atma-de-la-balance.png,Atma de la balance,drop,Armes Zodiaque
atma-de-la-vierge.png,Atma de la vierge,drop,Armes Zodiaque
atma-des-gemeaux.png,Atma des gémeaux,drop,Armes Zodiaque
atma-des-poissons.png,Atma des poissons,drop,Armes Zodiaque
atma-du-belier.png,Atma du bélier,drop,Armes Zodiaque
atma-du-cancer.png,Atma du cancer,drop,Armes Zodiaque
atma-du-capricorne.png,Atma du capricorne,drop,Armes Zodiaque
atma-du-lion.png,Atma du lion,drop,Armes Zodiaque
atma-du-sagittaire.png,Atma du sagittaire,drop,Armes Zodiaque
atma-du-scorpion.png,Atma du scorpion,drop,Armes Zodiaque
atma-du-taureau.png,Atma du taureau,drop,Armes Zodiaque
atma-du-verseau.png,Atma du verseau,drop,Armes Zodiaque
baghnakhs-de-dilettante.png,Baghnakhs de dilettante,drop,Outils des Merveilles — Artisanat
bague-du-feu.png,Bague du feu,craft,Armes Zodiaque
banc-de-dilettante.png,Banc de dilettante,drop,Outils des Merveilles — Artisanat
bibliotheque-de-dilettante.png,Bibliothèque de dilettante,drop,Outils des Merveilles — Artisanat
bille-de-bois-petrifie-daffinage.png,Bille de bois pétrifié d'affinage,craft,Outils de Cielacier — Artisanat
bitume-ancien-daffinage.png,Bitume ancien d'affinage,recolte,Outils de Cielacier — Récolte
bitume-de-dilettante.png,Bitume de dilettante,drop,Outils des Merveilles — Récolte
bloc-dalliage-additif-aspecte.png,Bloc d'alliage additif aspecté,autre,Armes Fantômes
bloc-de-colle-de-rroneek.png,Bloc de colle de rroneek,autre,Armes Fantômes
bloc-de-resine-synthetique-additive-aspectee.png,Bloc de résine synthétique additive aspectée,craft,Armes Fantômes
boite-de-hampe-cristalline.png,Boîte de hampe cristalline,craft,Outils des Merveilles — Récolte
boite-de-hampe-des-merveilles.png,Boîte de hampe des merveilles,recolte,Outils des Merveilles — Récolte
boite-de-moulinet-cristallin.png,Boîte de moulinet cristallin,craft,Outils des Merveilles — Récolte
boite-de-moulinet-des-merveilles.png,Boîte de moulinet des merveilles,recolte,Outils des Merveilles — Récolte
bouilloire-en-laiton.png,Bouilloire en laiton,autre,Armes Zodiaque
bouteille-delixir-de-dilettante.png,Bouteille d'élixir de dilettante,drop,Outils des Merveilles — Artisanat
braise-daffinage.png,Braise d'affinage,autre,Outils de Cielacier — Récolte
braises-de-penthesilee.png,Braises de Penthésilée,autre,Armes Eurêka
brioche-des-rois.png,Brioche des rois,autre,Armes Anima
buches-parfaites.png,Bûches parfaites,autre,Armes Zodiaque
cadene-daffinage.png,Cadène d'affinage,autre,Outils de Cielacier — Artisanat
cadre-de-dilettante.png,Cadre de dilettante,drop,Outils des Merveilles — Artisanat
cafetiere-a-siphon-de-dilettante.png,Cafetière à siphon de dilettante,drop,Outils des Merveilles — Artisanat
canape-en-cuir-de-dilettante.png,Canapé en cuir de dilettante,craft,Outils des Merveilles — Artisanat
canne-a-peche-cristaline.png,Canne à pêche cristaline,craft,Outils des Merveilles — Récolte
canne-a-peche-cristaline-de-chora-zoi.png,Canne à pêche cristaline de Chora-Zoi,craft,Outils des Merveilles — Récolte
canne-a-peche-des-merveilles.png,Canne à pêche des merveilles,autre,Outils des Merveilles — Récolte
canne-a-peche-des-merveilles-amelioree.png,Canne à pêche des merveilles améliorée,autre,Outils des Merveilles — Récolte
canne-a-peche-norvrandtesque.png,Canne à pêche norvrandtesque,autre,Outils des Merveilles — Récolte
canne-a-peche-splendide.png,Canne à pêche splendide,autre,Outils des Merveilles — Récolte
canne-a-peche-superstellaire.png,Canne à pêche superstellaire,autre,Outils des Merveilles — Récolte
cantonniere-de-dilettante.png,Cantonnière de dilettante,drop,Outils des Merveilles — Artisanat
caoutchouc-daffinage-collectionnable.png,Caoutchouc d'affinage (collectionnable),craft,Outils de Cielacier — Artisanat
celestine-daffinage-final-collectionnable.png,Célestine d'affinage final (collectionnable),craft,Outils de Cielacier — Artisanat
chaise-en-bois-de-dilettante.png,Chaise en bois de dilettante,craft,Outils des Merveilles — Artisanat
chapeau-pointu-de-dilettante.png,Chapeau pointu de dilettante,drop,Outils des Merveilles — Artisanat
chasseur-allagois.png,Chasseur allagois,autre,Outils de Cielacier — Récolte
chaussures-universitaires-de-dilettante.png,Chaussures universitaires de dilettante,drop,Outils des Merveilles — Artisanat
chili-de-crabe-de-dilettante.png,Chili de crabe de dilettante,drop,Outils des Merveilles — Artisanat
chondrite-rarissime.png,Chondrite rarissime,autre,Armes des Manderville
chroniques-de-batailles-i.png,Chroniques de batailles I,autre,Armes de la Résistance
chroniques-de-batailles-ii.png,Chroniques de batailles II,autre,Armes de la Résistance
cloison-verdoyante-de-dilettante.png,Cloison verdoyante de dilettante,drop,Outils des Merveilles — Artisanat
clou-en-fer-daffinage-collectionnable.png,Clou en fer d'affinage (collectionnable),craft,Outils de Cielacier — Artisanat
clous-daffinage.png,Clous d'affinage,autre,Outils de Cielacier — Artisanat
composant-additif-aspecte.png,Composant additif aspecté,craft,Armes Fantômes
composant-de-canne-personnalise.png,Composant de canne personnalisé,craft,Outils des Merveilles — Récolte
composant-de-canne-splendide.png,Composant de canne splendide,craft,Outils des Merveilles — Récolte
composant-de-canne-visionnaire.png,Composant de canne visionnaire,craft,Outils des Merveilles — Récolte
composant-de-moulinet-personnalise.png,Composant de moulinet personnalisé,craft,Outils des Merveilles — Récolte
composant-de-moulinet-splendide.png,Composant de moulinet splendide,craft,Outils des Merveilles — Récolte
composant-de-moulinet-visionnaire.png,Composant de moulinet visionnaire,craft,Outils des Merveilles — Récolte
composant-doutil-de-guide.png,Composant d'outil de guide,craft,Outils des Merveilles — Récolte
coquillage-draconique.png,Coquillage draconique,recolte,Outils de Cielacier — Récolte
coquillage-mysterieux.png,Coquillage mystérieux,recolte,Armes Anima
cor-de-dilettante.png,Cor de dilettante,drop,Outils des Merveilles — Artisanat
corail-sapient.png,Corail sapient,recolte,Outils de Cielacier — Récolte
couteau-arrondi-cristalin.png,Couteau arrondi cristalin,craft,Outils des Merveilles — Artisanat
couteau-arrondi-cristalin-de-chora-zoi.png,Couteau arrondi cristalin de Chora-Zoi,craft,Outils des Merveilles — Artisanat
couteau-arrondi-norvrandtesque.png,Couteau arrondi norvrandtesque,autre,Outils des Merveilles — Artisanat
couteau-arrondi-splendide.png,Couteau arrondi splendide,autre,Outils des Merveilles — Artisanat
couteau-arrondi-superstellaire.png,Couteau arrondi superstellaire,autre,Outils des Merveilles — Artisanat
couteau-des-merveilles.png,Couteau des merveilles,autre,Outils des Merveilles — Artisanat
couteau-des-merveilles-ameliore.png,Couteau des merveilles amélioré,autre,Outils des Merveilles — Artisanat
cristal-astral.png,Cristal astral,craft,Armes Anima
cristal-dairain.png,Cristal d'airain,craft,Armes Zodiaque
cristal-de-feu-daffinage.png,Cristal de feu d'affinage,craft,Outils des Merveilles — Récolte
cristal-de-foudre-daffinage.png,Cristal de foudre d'affinage,craft,Outils des Merveilles — Récolte
cristal-de-glace-daffinage.png,Cristal de glace d'affinage,craft,Outils des Merveilles — Récolte
cristal-du-volcan-emotionnel.png,Cristal du volcan émotionnel,craft,Armes de la Résistance
cristal-hydatos.png,Cristal Hydatos,craft,Armes Eurêka
cristal-instable.png,Cristal instable,craft,Armes Eurêka
cristal-instable-de-glace.png,Cristal instable de glace,craft,Armes Eurêka
cristal-iridescent-de-dilettante.png,Cristal iridescent de dilettante,craft,Outils des Merveilles — Récolte
cristal-ombral.png,Cristal ombral,craft,Armes Anima
cristal-pagos.png,Cristal Pagos,craft,Armes Eurêka
cristal-pyros.png,Cristal Pyros,craft,Armes Eurêka
cristallite-cosmique.png,Cristallite cosmique,craft,Armes des Manderville
cuir-daffinage.png,Cuir d'affinage,craft,Outils de Cielacier — Artisanat
cuir-de-gagana-daffinage-collectionnable.png,Cuir de gagana d'affinage (collectionnable),craft,Outils de Cielacier — Artisanat
cuir-de-gazelle-daffinage-final-collectionnable.png,Cuir de gazelle d'affinage final (collectionnable),craft,Outils de Cielacier — Artisanat
demi-atma-ambre.png,Demi-âtmà Ambre,drop,Armes Fantômes
demi-atma-amethyste.png,Demi-âtmà Améthyste,drop,Armes Fantômes
demi-atma-corail.png,Demi-âtmà Corail,drop,Armes Fantômes
demi-atma-emeraude.png,Demi-âtmà Émeraude,drop,Armes Fantômes
demi-atma-saphir.png,Demi-âtmà Saphir,drop,Armes Fantômes
demi-atma-turquoise.png,Demi-âtmà Turquoise,drop,Armes Fantômes
dissipateur-spirituel-alpha.png,Dissipateur Spirituel Alpha,craft,Armes Fantômes
dissipateur-spirituel-beta.png,Dissipateur Spirituel Bêta,craft,Armes Fantômes
dissipateur-spirituel-gamma.png,Dissipateur Spirituel Gamma,craft,Armes Fantômes
donnees-danalyses-de-rang-i.png,Données d'analyses de rang I,special,Outils Cosmiques — Artisanat / Outils Cosmiques — Récolte
donnees-danalyses-de-rang-ii.png,Données d'analyses de rang II,special,Outils Cosmiques — Artisanat / Outils Cosmiques — Récolte
donnees-danalyses-de-rang-iii.png,Données d'analyses de rang III,special,Outils Cosmiques — Artisanat / Outils Cosmiques — Récolte
donnees-danalyses-de-rang-iv.png,Données d'analyses de rang IV,special,Outils Cosmiques — Artisanat / Outils Cosmiques — Récolte
donnees-danalyses-de-rang-v.png,Données d'analyses de rang V,special,Outils Cosmiques — Artisanat / Outils Cosmiques — Récolte
donnees-danalyses-de-rang-vi.png,Données d'analyses de rang VI,special,Outils Cosmiques — Artisanat / Outils Cosmiques — Récolte
donnees-danalyses-de-rang-vii.png,Données d'analyses de rang VII,special,Outils Cosmiques — Artisanat / Outils Cosmiques — Récolte
eau-de-montagne-sacree.png,Eau de montagne sacrée,autre,Armes Zodiaque
eau-sacree-daffinage-final-collectionnable.png,Eau sacrée d'affinage final (collectionnable),craft,Outils de Cielacier — Artisanat
ecaille-de-dragon-de-cristal.png,Écaille de dragon de cristal,craft,Armes Eurêka
ecailles-ombrales-de-thavnair.png,Écailles ombrales de Thavnair,autre,Armes de la Résistance
eclat-de-terre-daffinage.png,Éclat de terre d'affinage,recolte,Outils des Merveilles — Récolte
eclat-deau-daffinage.png,Éclat d'eau d'affinage,recolte,Outils des Merveilles — Récolte
eclat-dobsidienne-daffinage.png,Éclat d'obsidienne d'affinage,recolte,Outils de Cielacier — Récolte
ecorce-dacacia-durcie-de-dilettante.png,Écorce d'acacia durcie de dilettante,drop,Outils des Merveilles — Récolte
encre-enchantee-ancienne.png,Encre enchantée ancienne,craft,Armes Anima
encre-enchantee-de-haute-qualite.png,Encre enchantée de haute qualité,craft,Armes Zodiaque
escuchon-de-dilettante.png,Escuchon de dilettante,drop,Outils des Merveilles — Artisanat
etoffe-antique-parfaite.png,Étoffe antique parfaite,craft,Armes Zodiaque
etoffe-daffinage-collectionnable.png,Étoffe d'affinage (collectionnable),craft,Outils de Cielacier — Artisanat
etoffe-de-coutil-indigo-daffinage-final-collectionnable.png,Étoffe de coutil indigo d'affinage final (collectionnable),craft,Outils de Cielacier — Artisanat
etoffe-de-laine-daffinage-collectionnable.png,Étoffe de laine d'affinage (collectionnable),craft,Outils de Cielacier — Artisanat
fauteuil-gros-minou-de-dilettante.png,Fauteuil gros minou de dilettante,drop,Outils des Merveilles — Artisanat
femur-sale-de-dilettante.png,Fémur sale de dilettante,drop,Outils des Merveilles — Récolte
ficelle-inusable.png,Ficelle inusable,craft,Armes Fantômes
fil-de-fer-daffinage.png,Fil de fer d'affinage,craft,Outils de Cielacier — Artisanat
fil-de-soie-du-clair-de-lune-daffinage.png,Fil de soie du clair de lune d'affinage,craft,Outils de Cielacier — Artisanat
fixateur-parfait.png,Fixateur parfait,autre,Armes Zodiaque
fleche-amulette.png,Flèche-amulette,autre,Armes Anima
fleur-de-prunier.png,Fleur-de-prunier,autre,Outils de Cielacier — Récolte
fontaine-en-marbre-de-dilettante.png,Fontaine en marbre de dilettante,drop,Outils des Merveilles — Artisanat
fragment-de-fer-meteorique-dutohmu.png,Fragment de fer météorique d'Ut'ohmu,autre,Armes Fantômes
fragment-de-matiere-sombre-artificielle.png,Fragment de matière sombre artificielle α,autre,Armes Fantômes
fragment-deureka-bonus-physeos.png,Fragment d'Eurêka (bonus Physeos),autre,Armes Eurêka
fragment-dos-mysterieux.png,Fragment d'os mystérieux,autre,Armes Anima
francisque-en-adamantium.png,Francisque en adamantium,autre,Armes Anima
gateau-de-crabe-de-dilettante.png,Gâteau de crabe de dilettante,drop,Outils des Merveilles — Artisanat
gemme-brute-mysterieuse.png,Gemme brute mystérieuse,autre,Armes Anima
glace-de-louhi.png,Glace de Louhi,autre,Armes Eurêka
glaives-de-dilettante.png,Glaives de dilettante,drop,Outils des Merveilles — Artisanat
glu-daffinage-collectionnable.png,Glu d'affinage (collectionnable),craft,Outils de Cielacier — Artisanat
graines-mysterieuses.png,Graines mystérieuses,autre,Armes Anima
hachette-cristaline.png,Hachette cristaline,craft,Outils des Merveilles — Récolte
hachette-cristaline-de-chora-zoi.png,Hachette cristaline de Chora-Zoi,craft,Outils des Merveilles — Récolte
hachette-des-merveilles.png,Hachette des merveilles,autre,Outils des Merveilles — Récolte
hachette-des-merveilles-amelioree.png,Hachette des merveilles améliorée,autre,Outils des Merveilles — Récolte
hachette-norvrandtesque.png,Hachette norvrandtesque,autre,Outils des Merveilles — Récolte
hachette-splendide.png,Hachette splendide,autre,Outils des Merveilles — Récolte
hachette-superstellaire.png,Hachette superstellaire,autre,Outils des Merveilles — Récolte
hampe-daffinage.png,Hampe d'affinage,autre,Outils de Cielacier — Artisanat
hampe-miniature.png,Hampe miniature,autre,Armes de la Résistance
huile-daffinage-collectionnable.png,Huile d'affinage (collectionnable),craft,Outils de Cielacier — Artisanat
huile-de-camelia.png,Huile de camélia,craft,Armes Fantômes
huile-de-requin-daffinage-final-collectionnable.png,Huile de requin d'affinage final (collectionnable),craft,Outils de Cielacier — Artisanat
huile-de-trempe-de-radz-at-han.png,Huile de trempe de Radz-at-Han,craft,Armes Zodiaque
huile-isolante.png,Huile isolante,craft,Armes Anima
jade-brut-daffinage-final.png,Jade brut d'affinage final,autre,Outils de Cielacier — Récolte
jaque-en-cuir-de-dilettante.png,Jaque en cuir de dilettante,craft,Outils des Merveilles — Artisanat
joyau-rare-daffinage.png,Joyau rare d'affinage,autre,Outils de Cielacier — Récolte
lame-de-samourai-de-dilettante.png,Lame de samouraï de dilettante,drop,Outils des Merveilles — Artisanat
laniere-en-cuir-de-gagana-daffinage-collectionnable.png,Lanière en cuir de gagana d'affinage (collectionnable),craft,Outils de Cielacier — Artisanat
lanterne-murale-de-dilettante.png,Lanterne murale de dilettante,drop,Outils des Merveilles — Artisanat
latex-daffinage.png,Latex d'affinage,autre,Outils de Cielacier — Récolte
light-farming.png,Light farming,special,Armes Anima
light-farming-2-000-unites.png,Light farming (2 000 unités),special,Armes Zodiaque
lingot-dalliage-atypique.png,Lingot d'alliage atypique,craft,Armes Fantômes
lingot-dargent-daffinage-collectionnable.png,Lingot d'argent d'affinage (collectionnable),craft,Outils de Cielacier — Artisanat
lingot-de-fer-daffinage-collectionnable.png,Lingot de fer d'affinage (collectionnable),craft,Outils de Cielacier — Artisanat
livre-de-la-terre-celeste-i.png,Livre de la terre céleste I,autre,Armes Zodiaque
livre-de-leau-celeste-i.png,Livre de l'eau céleste I,autre,Armes Zodiaque
livre-de-leau-celeste-ii.png,Livre de l'eau céleste II,autre,Armes Zodiaque
livre-de-leau-infernale-i.png,Livre de l'eau infernale I,autre,Armes Zodiaque
livre-du-feu-celeste-i.png,Livre du feu céleste I,autre,Armes Zodiaque
livre-du-feu-celeste-ii.png,Livre du feu céleste II,autre,Armes Zodiaque
livre-du-feu-infernal-i.png,Livre du feu infernal I,autre,Armes Zodiaque
livre-du-vent-celeste-i.png,Livre du vent céleste I,autre,Armes Zodiaque
livre-du-vent-celeste-ii.png,Livre du vent céleste II,autre,Armes Zodiaque
lunulite.png,Lunulite,quete,Armes Fantômes
lustre-de-dilettante.png,Lustre de dilettante,drop,Outils des Merveilles — Artisanat
lymphe-de-thavnair.png,Lymphe de Thavnair,autre,Armes Zodiaque
madrier-de-cedre-daffinage-collectionnable.png,Madrier de cèdre d'affinage (collectionnable),craft,Outils de Cielacier — Artisanat
madrier-de-pin-daffinage-final-collectionnable.png,Madrier de pin d'affinage final (collectionnable),craft,Outils de Cielacier — Artisanat
mahatma-de-la-balance.png,Mahatma de la balance,drop,Armes Zodiaque
mahatma-de-la-vierge.png,Mahatma de la vierge,drop,Armes Zodiaque
mahatma-des-gemeaux.png,Mahatma des gémeaux,drop,Armes Zodiaque
mahatma-des-poissons.png,Mahatma des poissons,drop,Armes Zodiaque
mahatma-du-belier.png,Mahatma du bélier,drop,Armes Zodiaque
mahatma-du-cancer.png,Mahatma du cancer,drop,Armes Zodiaque
mahatma-du-capricorne.png,Mahatma du capricorne,drop,Armes Zodiaque
mahatma-du-lion.png,Mahatma du lion,drop,Armes Zodiaque
mahatma-du-sagittaire.png,Mahatma du sagittaire,drop,Armes Zodiaque
mahatma-du-scorpion.png,Mahatma du scorpion,drop,Armes Zodiaque
mahatma-du-taureau.png,Mahatma du taureau,drop,Armes Zodiaque
mahatma-du-verseau.png,Mahatma du verseau,drop,Armes Zodiaque
marimba-de-dilettante.png,Marimba de dilettante,drop,Outils des Merveilles — Artisanat
marteau-a-panne-croisee-cristalin.png,Marteau à panne croisée cristalin,craft,Outils des Merveilles — Artisanat
marteau-a-panne-croisee-cristalin-de-chora-zoi.png,Marteau à panne croisée cristalin de Chora-Zoi,craft,Outils des Merveilles — Artisanat
marteau-a-panne-croisee-des-merveilles.png,Marteau à panne croisée des merveilles,autre,Outils des Merveilles — Artisanat
marteau-a-panne-croisee-des-merveilles-ameliore.png,Marteau à panne croisée des merveilles amélioré,autre,Outils des Merveilles — Artisanat
marteau-a-panne-croisee-norvrandtesque.png,Marteau à panne croisée norvrandtesque,autre,Outils des Merveilles — Artisanat
marteau-a-panne-croisee-splendide.png,Marteau à panne croisée splendide,autre,Outils des Merveilles — Artisanat
marteau-a-panne-croisee-superstellaire.png,Marteau à panne croisée superstellaire,autre,Outils des Merveilles — Artisanat
marteau-de-batteur-cristalin.png,Marteau de batteur cristalin,craft,Outils des Merveilles — Artisanat
marteau-de-batteur-cristalin-de-chora-zoi.png,Marteau de batteur cristalin de Chora-Zoi,craft,Outils des Merveilles — Artisanat
marteau-de-batteur-des-merveilles.png,Marteau de batteur des merveilles,autre,Outils des Merveilles — Artisanat
marteau-de-batteur-des-merveilles-ameliore.png,Marteau de batteur des merveilles amélioré,autre,Outils des Merveilles — Artisanat
marteau-de-batteur-norvrandtesque.png,Marteau de batteur norvrandtesque,autre,Outils des Merveilles — Artisanat
marteau-de-batteur-splendide.png,Marteau de batteur splendide,autre,Outils des Merveilles — Artisanat
marteau-de-batteur-superstellaire.png,Marteau de batteur superstellaire,autre,Outils des Merveilles — Artisanat
massette-cristaline.png,Massette cristaline,craft,Outils des Merveilles — Artisanat
massette-cristaline-de-chora-zoi.png,Massette cristaline de Chora-Zoi,craft,Outils des Merveilles — Artisanat
massette-des-merveilles.png,Massette des merveilles,autre,Outils des Merveilles — Artisanat
massette-des-merveilles-amelioree.png,Massette des merveilles améliorée,autre,Outils des Merveilles — Artisanat
massette-norvrandtesque.png,Massette norvrandtesque,autre,Outils des Merveilles — Artisanat
massette-splendide.png,Massette splendide,autre,Outils des Merveilles — Artisanat
massette-superstellaire.png,Massette superstellaire,autre,Outils des Merveilles — Artisanat
materia-iii.png,Matéria III,autre,Armes Zodiaque
materia-vi-75-successful-melds.png,Materia VI (75 successful melds),autre,Armes Zodiaque
materiaux-de-premier-niveau-menuisier.png,Matériaux de premier niveau (Menuisier),autre,Outils des Merveilles — Artisanat
materiaux-de-premier-niveau-mineur.png,Matériaux de premier niveau (Mineur),autre,Outils des Merveilles — Récolte
matiere-sombre-daffinage.png,Matière sombre d'affinage,autre,Outils de Cielacier — Récolte
memoquartz-allagois-heliologique.png,Mémoquartz allagois héliologique (total),devise,Armes Fantômes
memoquartz-deterministe.png,Mémoquartz déterministe (total),devise,Armes des Manderville
memoquartz-mathematiques.png,Mémoquartz mathématiques (total),devise,Armes Fantômes
menthe-eclair-de-dilettante.png,Menthe éclair de dilettante,drop,Outils des Merveilles — Récolte
meteorite-rarissime.png,Météorite rarissime,autre,Armes des Manderville
minerai-ancien-daffinage.png,Minerai ancien d'affinage,craft,Outils de Cielacier — Récolte
minerai-dadamant-daffinage-final-collectionnable.png,Minerai d'adamant d'affinage final (collectionnable),craft,Outils de Cielacier — Récolte
minerai-daurum-regis-de-dilettante.png,Minerai d'aurum regis de dilettante,craft,Outils des Merveilles — Récolte
miroir-cosmetique-de-dilettante.png,Miroir cosmétique de dilettante,drop,Outils des Merveilles — Artisanat
miroir-en-alliage-de-titane.png,Miroir en alliage de titane,autre,Armes Anima
morceau-decliptite.png,Morceau d'écliptite,quete,Armes Fantômes
morimog.png,Morimog,autre,Outils de Cielacier — Récolte
mortier-parfait.png,Mortier parfait,craft,Armes Zodiaque
noyau-de-grand-monstre-explosif.png,Noyau de grand monstre explosif,autre,Armes Zodiaque
oeil-de-paon-rouge-de-dilettante.png,Oeil-de-paon rouge de dilettante,drop,Outils des Merveilles — Récolte
ombralite.png,Ombralite,quete,Armes Fantômes
palissade-en-bambou-de-dilettante.png,Palissade en bambou de dilettante,drop,Outils des Merveilles — Artisanat
parasol-de-jardin-de-dilettante.png,Parasol de jardin de dilettante,drop,Outils des Merveilles — Artisanat
parchemin-daffinage.png,Parchemin d'affinage,craft,Outils de Cielacier — Artisanat
parchemin-parfait.png,Parchemin parfait,craft,Armes Zodiaque
parchemin-stellaire.png,Parchemin Stellaire,craft,Armes Zodiaque
pate-daffinage-collectionnable.png,Pâte d'affinage (collectionnable),craft,Outils de Cielacier — Artisanat
pate-de-cristal.png,Pâte de cristal,craft,Armes Fantômes
patte-daffinage.png,Patte d'affinage,autre,Outils de Cielacier — Artisanat
pepite-dargent-daffinage-collectionnable.png,Pépite d'argent d'affinage (collectionnable),craft,Outils de Cielacier — Artisanat
perle-daffinage.png,Perle d'affinage,autre,Outils de Cielacier — Artisanat
philtre-chimerique-de-vitalite-de-dilettante.png,Philtre chimérique de vitalité de dilettante,drop,Outils des Merveilles — Artisanat
pierre-a-aiguiser-daffinage.png,Pierre à aiguiser d'affinage,autre,Outils de Cielacier — Artisanat
pierre-a-aiguiser-opaline.png,Pierre à aiguiser opaline,autre,Armes Fantômes
pignon-argente-daffinage-final-collectionnable.png,Pignon argenté d'affinage final (collectionnable),craft,Outils de Cielacier — Artisanat
pilon-parfait.png,Pilon parfait,craft,Armes Zodiaque
pioche-cristaline.png,Pioche cristaline,craft,Outils des Merveilles — Récolte
pioche-cristaline-de-chora-zoi.png,Pioche cristaline de Chora-Zoi,craft,Outils des Merveilles — Récolte
pioche-des-merveilles.png,Pioche des merveilles,autre,Outils des Merveilles — Récolte
pioche-des-merveilles-amelioree.png,Pioche des merveilles améliorée,autre,Outils des Merveilles — Récolte
pioche-norvrandtesque.png,Pioche norvrandtesque,autre,Outils des Merveilles — Récolte
pioche-splendide.png,Pioche splendide,autre,Outils des Merveilles — Récolte
pioche-superstellaire.png,Pioche superstellaire,autre,Outils des Merveilles — Récolte
planche-de-cedre-daffinage-collectionnable.png,Planche de cèdre d'affinage (collectionnable),craft,Outils de Cielacier — Artisanat
plaque-de-mithril-daffinage-collectionnable.png,Plaque de mithril d'affinage (collectionnable),craft,Outils de Cielacier — Artisanat
plaque-de-verre-daffinage.png,Plaque de verre d'affinage,craft,Outils de Cielacier — Artisanat
plaquette-de-tungstene-daffinage-final-collectionnable.png,Plaquette de tungstène d'affinage final (collectionnable),craft,Outils de Cielacier — Artisanat
plume-daffinage-final-collectionnable.png,Plume d'affinage final (collectionnable),craft,Outils de Cielacier — Récolte
plume-de-pazuzu.png,Plume de Pazuzu,drop,Armes Eurêka
poele-a-frire-cristaline.png,Poêle à frire cristaline,craft,Outils des Merveilles — Artisanat
poele-a-frire-cristaline-de-chora-zoi.png,Poêle à frire cristaline de Chora-Zoi,craft,Outils des Merveilles — Artisanat
poele-a-frire-des-merveilles.png,Poêle à frire des merveilles,autre,Outils des Merveilles — Artisanat
poele-a-frire-des-merveilles-amelioree.png,Poêle à frire des merveilles améliorée,autre,Outils des Merveilles — Artisanat
poele-a-frire-norvrandtesque.png,Poêle à frire norvrandtesque,autre,Outils des Merveilles — Artisanat
poele-a-frire-splendide.png,Poêle à frire splendide,autre,Outils des Merveilles — Artisanat
poele-a-frire-superstellaire.png,Poêle à frire superstellaire,autre,Outils des Merveilles — Artisanat
poignee-de-sable-ethereen-tellurique-daffinage.png,Poignée de sable éthéréen tellurique d'affinage,craft,Outils de Cielacier — Récolte
poignee-de-sable-ethereen-vegetal-daffinage.png,Poignée de sable éthéréen végétal d'affinage,craft,Outils de Cielacier — Récolte
poisson-follet.png,Poisson follet,recolte,Outils de Cielacier — Récolte
porte-ornee-de-dilettante.png,Porte ornée de dilettante,drop,Outils des Merveilles — Artisanat
poudre-de-graines-daffinage.png,Poudre de graines d'affinage,autre,Outils de Cielacier — Artisanat
poudre-minerale-daffinage.png,Poudre minérale d'affinage,autre,Outils de Cielacier — Récolte
reliques-abandonnees.png,Reliques abandonnées,special,Armes de la Résistance
resine-allagoise.png,Résine allagoise,craft,Armes Zodiaque
resine-synthetique-daffinage.png,Résine synthétique d'affinage,craft,Outils de Cielacier — Artisanat
ressort-miniature.png,Ressort miniature,autre,Armes de la Résistance
reveil-de-dilettante.png,Réveil de dilettante,drop,Outils des Merveilles — Artisanat
roche-ombrale-dure.png,Roche ombrale dure,autre,Armes Anima
rondin-de-bois-ancien-daffinage.png,Rondin de bois ancien d'affinage,craft,Outils de Cielacier — Récolte
rondin-de-bouleau-daffinage-final.png,Rondin de bouleau d'affinage final,recolte,Outils de Cielacier — Récolte
rondin-de-chataignier-sombre-daffinage.png,Rondin de châtaignier sombre d'affinage,recolte,Outils de Cielacier — Récolte
sable-de-cristal.png,Sable de cristal,craft,Armes Anima
sable-de-halonite.png,Sable de halonite,craft,Armes Zodiaque
sable-fossilise-daffinage.png,Sable fossilisé d'affinage,craft,Outils de Cielacier — Récolte
sandwich-baguette-au-calmar-de-dilettante.png,Sandwich baguette au calmar de dilettante,craft,Outils des Merveilles — Artisanat
schorl-daffinage.png,Schörl d'affinage,autre,Outils de Cielacier — Récolte
scie-cristaline.png,Scie cristaline,craft,Outils des Merveilles — Artisanat
scie-cristaline-de-chora-zoi.png,Scie cristaline de Chora-Zoi,craft,Outils des Merveilles — Artisanat
scie-des-merveilles.png,Scie des merveilles,autre,Outils des Merveilles — Artisanat
scie-des-merveilles-amelioree.png,Scie des merveilles améliorée,autre,Outils des Merveilles — Artisanat
scie-norvrandtesque.png,Scie norvrandtesque,autre,Outils des Merveilles — Artisanat
scie-splendide.png,Scie splendide,autre,Outils des Merveilles — Artisanat
scie-superstellaire.png,Scie superstellaire,autre,Outils des Merveilles — Artisanat
seve-daffinage.png,Sève d'affinage,autre,Outils de Cielacier — Artisanat
shishi-odoshi-de-dilettante.png,Shishi-odoshi de dilettante,drop,Outils des Merveilles — Artisanat
sonnette-de-dilettante.png,Sonnette de dilettante,drop,Outils des Merveilles — Artisanat
spaghetti-al-nero-de-dilettante.png,Spaghetti al nero de dilettante,drop,Outils des Merveilles — Artisanat
sphere-de-feu-10-000-pts.png,Sphère de feu (10 000 pts),autre,Armes Fantômes
sphere-de-terre-10-000-pts.png,Sphère de terre (10 000 pts),autre,Armes Fantômes
sphere-de-vent-10-000-pts.png,Sphère de vent (10 000 pts),autre,Armes Fantômes
sphere-deau-10-000-pts.png,Sphère d'eau (10 000 pts),autre,Armes Fantômes
tapis-de-dilettante.png,Tapis de dilettante,drop,Outils des Merveilles — Artisanat
tapis-rouge-de-dilettante.png,Tapis rouge de dilettante,drop,Outils des Merveilles — Artisanat
targe-de-dilettante.png,Targe de dilettante,drop,Outils des Merveilles — Artisanat
tarte-a-languille-tres-speciale.png,Tarte à l'anguille très spéciale,autre,Armes Zodiaque
tarte-aux-fraises-pixies-de-dilettante.png,Tarte aux fraises pixies de dilettante,drop,Outils des Merveilles — Artisanat
the-a-la-fraise-pixie-de-dilettante.png,Thé à la fraise pixie de dilettante,drop,Outils des Merveilles — Artisanat
topiaire-de-mog-de-dilettante.png,Topiaire de Mog de dilettante,drop,Outils des Merveilles — Artisanat
trompette-de-dilettante.png,Trompette de dilettante,drop,Outils des Merveilles — Artisanat
validation-de-chaque-livre.png,Validation de chaque livre,autre,Armes Zodiaque
validation-de-chaque-mahatma.png,Validation de chaque Mahatma,drop,Armes Zodiaque
valise-a-maquillage-de-dilettante.png,Valise à maquillage de dilettante,drop,Outils des Merveilles — Artisanat
vasque-sur-pied-de-dilettante.png,Vasque sur pied de dilettante,drop,Outils des Merveilles — Artisanat
velours-daffinage.png,Velours d'affinage,autre,Outils de Cielacier — Artisanat
veste-de-dilettante.png,Veste de dilettante,drop,Outils des Merveilles — Artisanat
voile-lunaire-de-dilettante.png,Voile lunaire de dilettante,craft,Outils des Merveilles — Artisanat
