Slug (clé dans icon-map.json),Nom du materiau,Serie,Lien Lodestone trouve,URL icone trouvee
sphere-de-feu-10-000-pts,Sphère de feu (10 000 pts),Armes Fantômes,,
sphere-de-terre-10-000-pts,Sphère de terre (10 000 pts),Armes Fantômes,,
sphere-de-vent-10-000-pts,Sphère de vent (10 000 pts),Armes Fantômes,,
sphere-deau-10-000-pts,Sphère d'eau (10 000 pts),Armes Fantômes,,
donnees-danalyses-de-rang-i,Données d'analyses de rang I,Outils Cosmiques — Artisanat / Outils Cosmiques — Récolte,,
donnees-danalyses-de-rang-ii,Données d'analyses de rang II,Outils Cosmiques — Artisanat / Outils Cosmiques — Récolte,,
donnees-danalyses-de-rang-iii,Données d'analyses de rang III,Outils Cosmiques — Artisanat / Outils Cosmiques — Récolte,,
donnees-danalyses-de-rang-iv,Données d'analyses de rang IV,Outils Cosmiques — Artisanat / Outils Cosmiques — Récolte,,
donnees-danalyses-de-rang-v,Données d'analyses de rang V,Outils Cosmiques — Artisanat / Outils Cosmiques — Récolte,,
donnees-danalyses-de-rang-vi,Données d'analyses de rang VI,Outils Cosmiques — Artisanat / Outils Cosmiques — Récolte,,
donnees-danalyses-de-rang-vii,Données d'analyses de rang VII,Outils Cosmiques — Artisanat / Outils Cosmiques — Récolte,,
anneaux-en-mithril-daffinage-collectionnable,Anneaux en mithril d'affinage (collectionnable),Outils de Cielacier — Artisanat,,
caoutchouc-daffinage-collectionnable,Caoutchouc d'affinage (collectionnable),Outils de Cielacier — Artisanat,,
celestine-daffinage-final-collectionnable,Célestine d'affinage final (collectionnable),Outils de Cielacier — Artisanat,,
clou-en-fer-daffinage-collectionnable,Clou en fer d'affinage (collectionnable),Outils de Cielacier — Artisanat,,
cuir-de-gagana-daffinage-collectionnable,Cuir de gagana d'affinage (collectionnable),Outils de Cielacier — Artisanat,,
cuir-de-gazelle-daffinage-final-collectionnable,Cuir de gazelle d'affinage final (collectionnable),Outils de Cielacier — Artisanat,,
eau-sacree-daffinage-final-collectionnable,Eau sacrée d'affinage final (collectionnable),Outils de Cielacier — Artisanat,,
etoffe-daffinage-collectionnable,Étoffe d'affinage (collectionnable),Outils de Cielacier — Artisanat,,
etoffe-de-coutil-indigo-daffinage-final-collectionnable,Étoffe de coutil indigo d'affinage final (collectionnable),Outils de Cielacier — Artisanat,,
etoffe-de-laine-daffinage-collectionnable,Étoffe de laine d'affinage (collectionnable),Outils de Cielacier — Artisanat,,
glu-daffinage-collectionnable,Glu d'affinage (collectionnable),Outils de Cielacier — Artisanat,,
huile-daffinage-collectionnable,Huile d'affinage (collectionnable),Outils de Cielacier — Artisanat,,
huile-de-requin-daffinage-final-collectionnable,Huile de requin d'affinage final (collectionnable),Outils de Cielacier — Artisanat,,
laniere-en-cuir-de-gagana-daffinage-collectionnable,Lanière en cuir de gagana d'affinage (collectionnable),Outils de Cielacier — Artisanat,,
lingot-dargent-daffinage-collectionnable,Lingot d'argent d'affinage (collectionnable),Outils de Cielacier — Artisanat,,
lingot-de-fer-daffinage-collectionnable,Lingot de fer d'affinage (collectionnable),Outils de Cielacier — Artisanat,,
madrier-de-cedre-daffinage-collectionnable,Madrier de cèdre d'affinage (collectionnable),Outils de Cielacier — Artisanat,,
madrier-de-pin-daffinage-final-collectionnable,Madrier de pin d'affinage final (collectionnable),Outils de Cielacier — Artisanat,,
pate-daffinage-collectionnable,Pâte d'affinage (collectionnable),Outils de Cielacier — Artisanat,,
pepite-dargent-daffinage-collectionnable,Pépite d'argent d'affinage (collectionnable),Outils de Cielacier — Artisanat,,
pignon-argente-daffinage-final-collectionnable,Pignon argenté d'affinage final (collectionnable),Outils de Cielacier — Artisanat,,
planche-de-cedre-daffinage-collectionnable,Planche de cèdre d'affinage (collectionnable),Outils de Cielacier — Artisanat,,
plaque-de-mithril-daffinage-collectionnable,Plaque de mithril d'affinage (collectionnable),Outils de Cielacier — Artisanat,,
plaquette-de-tungstene-daffinage-final-collectionnable,Plaquette de tungstène d'affinage final (collectionnable),Outils de Cielacier — Artisanat,,
poignee-de-sable-ethereen-tellurique-daffinage,Poignée de sable éthéréen tellurique d'affinage,Outils de Cielacier — Récolte,,
poignee-de-sable-ethereen-vegetal-daffinage,Poignée de sable éthéréen végétal d'affinage,Outils de Cielacier — Récolte,,
materiaux-de-premier-niveau-menuisier,Matériaux de premier niveau (Menuisier),Outils des Merveilles — Artisanat,,
boite-de-hampe-cristalline,Boîte de hampe cristalline,Outils des Merveilles — Récolte,,
boite-de-hampe-des-merveilles,Boîte de hampe des merveilles,Outils des Merveilles — Récolte,,
boite-de-moulinet-cristallin,Boîte de moulinet cristallin,Outils des Merveilles — Récolte,,
boite-de-moulinet-des-merveilles,Boîte de moulinet des merveilles,Outils des Merveilles — Récolte,,
composant-de-canne-personnalise,Composant de canne personnalisé,Outils des Merveilles — Récolte,,
composant-de-canne-visionnaire,Composant de canne visionnaire,Outils des Merveilles — Récolte,,
composant-de-moulinet-personnalise,Composant de moulinet personnalisé,Outils des Merveilles — Récolte,,
composant-de-moulinet-visionnaire,Composant de moulinet visionnaire,Outils des Merveilles — Récolte,,
composant-doutil-de-guide,Composant d'outil de guide,Outils des Merveilles — Récolte,,
